{
    "rmse": 0.7992643303624466,
    "mae": 0.6519864785650433,
    "r2": 0.022467112382606458
}